{"cameraMode":{"drawMode":0,"name":"Shaded","section":"Shading Mode"},"sceneLighting":false,"audioPlay":false,"sceneViewState":{"showFog":true,"showMaterialUpdate":false,"showSkybox":false,"showFlares":true,"showImageEffects":true,"showParticleSystems":true},"in2DMode":false,"pivot":{"x":0.18848426640033723,"y":0.656855583190918,"z":0.061892151832580569},"rotation":{"x":0.01910419762134552,"y":0.9794539213180542,"z":-0.16642643511295319,"w":0.11244306713342667},"size":0.9974529147148132,"orthographic":false}