{"cameraMode":{"drawMode":0,"name":"Shaded","section":"Shading Mode"},"sceneLighting":false,"audioPlay":false,"sceneViewState":{"showFog":true,"showMaterialUpdate":false,"showSkybox":false,"showFlares":true,"showImageEffects":true,"showParticleSystems":true},"in2DMode":false,"pivot":{"x":3.260772705078125,"y":-3.051064968109131,"z":-15.669673919677735},"rotation":{"x":0.011308959685266018,"y":0.9884618520736694,"z":-0.11708042025566101,"w":0.0954798087477684},"size":9.363228797912598,"orthographic":false}