{"cameraMode":{"drawMode":0,"name":"Shaded","section":"Shading Mode"},"sceneLighting":false,"audioPlay":false,"sceneViewState":{"showFog":true,"showMaterialUpdate":false,"showSkybox":false,"showFlares":true,"showImageEffects":true,"showParticleSystems":true},"in2DMode":false,"pivot":{"x":0.00009302794933319092,"y":-0.009266629815101624,"z":-0.005423836410045624},"rotation":{"x":-0.019176919013261796,"y":0.97926265001297,"z":-0.16790497303009034,"w":-0.11182280629873276},"size":0.16386784613132478,"orthographic":false}