{"cameraMode":{"drawMode":0,"name":"Shaded","section":"Shading Mode"},"sceneLighting":false,"audioPlay":false,"sceneViewState":{"showFog":true,"showMaterialUpdate":false,"showSkybox":false,"showFlares":true,"showImageEffects":true,"showParticleSystems":true},"in2DMode":false,"pivot":{"x":0.01077166199684143,"y":1.4901161193847657e-8,"z":0.9131778478622437},"rotation":{"x":0.004785284865647554,"y":0.994907557964325,"z":-0.057667408138513568,"w":0.08256276696920395},"size":1.219188928604126,"orthographic":false}