{"cameraMode":{"drawMode":0,"name":"Shaded","section":"Shading Mode"},"sceneLighting":false,"audioPlay":false,"sceneViewState":{"showFog":true,"showMaterialUpdate":false,"showSkybox":false,"showFlares":true,"showImageEffects":true,"showParticleSystems":true},"in2DMode":false,"pivot":{"x":-153.7333526611328,"y":105.42034149169922,"z":-67.00421142578125},"rotation":{"x":-0.011343017220497132,"y":0.9884308576583862,"z":-0.09549060463905335,"w":-0.11737825721502304},"size":4.950107097625732,"orthographic":false}